<?xml version="1.0" encoding="UTF-8"?>
<!DOCTYPE fontscolors PUBLIC "-//NetBeans//DTD Editor Fonts and Colors settings 1.1//EN" "http://www.netbeans.org/dtds/EditorFontsColors-1_1.dtd">
<fontscolors>
    <fontcolor default="comment" name="comments"/>
    <fontcolor default="identifier" foreColor="ffe0a945" name="identifiers"/>
    <fontcolor default="number" name="numbers"/>
    <fontcolor foreColor="fff28ddd" name="mod-class"/>
    <fontcolor foreColor="ffff3bc0" name="mod-method"/>
    <fontcolor default="separator" name="braces"/>
    <fontcolor foreColor="ff4a5fdc" name="mod-private">
        <font style="bold"/>
    </fontcolor>
    <fontcolor default="string" foreColor="ff3b73ff" name="uris"/>
    <fontcolor foreColor="yellow" name="at_rule_symbol">
        <font style="bold"/>
    </fontcolor>
    <fontcolor bgColor="blue" name="mod-custom3"/>
    <fontcolor default="string" name="strings"/>
    <fontcolor name="mod-custom2"/>
    <fontcolor default="operator" name="operators"/>
    <fontcolor name="mod-custom1" underline="cyan"/>
    <fontcolor default="number" foreColor="white" name="hashes"/>
    <fontcolor name="mod-local-variable"/>
    <fontcolor bgColor="ff660066" name="mod-constructor">
        <font style="bold"/>
    </fontcolor>
    <fontcolor default="separator" name="separators"/>
    <fontcolor default="default" name="others"/>
    <fontcolor default="default" name="whitespaces"/>
</fontscolors>
