<?xml version="1.0" encoding="UTF-8"?>
<!DOCTYPE fontscolors PUBLIC "-//NetBeans//DTD Editor Fonts and Colors settings 1.1//EN" "http://www.netbeans.org/dtds/EditorFontsColors-1_1.dtd">
<fontscolors>
    <fontcolor foreColor="white" name="mark-occurrences">
        <font style="bold"/>
    </fontcolor>
    <fontcolor foreColor="ff74c840" name="markup-attribute"/>
    <fontcolor bgColor="pink" name="private"/>
    <fontcolor foreColor="ff009700" name="string"/>
    <fontcolor name="deprecated" strikeThrough="darkGray"/>
    <fontcolor name="error" waveUnderlined="red"/>
    <fontcolor foreColor="fff67135" name="interface"/>
    <fontcolor bgColor="red" name="entity-reference"/>
    <fontcolor foreColor="white" name="operator">
        <font style="bold"/>
    </fontcolor>
    <fontcolor foreColor="ffc8881f" name="number"/>
    <fontcolor bgColor="ff0a0a0a" foreColor="ff89f623" name="default">
        <font name="Olafur" size="12"/>
    </fontcolor>
    <fontcolor bgColor="magenta" name="protected"/>
    <fontcolor bgColor="gray" name="public"/>
    <fontcolor foreColor="ff684a26" name="method-parameter"/>
    <fontcolor name="warning" waveUnderlined="darkGray"/>
    <fontcolor foreColor="ff3e7223" name="keyword"/>
    <fontcolor foreColor="ff9847e3" name="class"/>
    <fontcolor name="local-variable" underline="magenta"/>
    <fontcolor name="identifier"/>
    <fontcolor name="static"/>
    <fontcolor foreColor="ffea3743" name="method"/>
    <fontcolor foreColor="ff8514ee" name="constructor" underline="cyan"/>
    <fontcolor foreColor="ffe33137" name="markup-element"/>
    <fontcolor default="string" foreColor="ffe6c651" name="markup-attribute-value"/>
    <fontcolor foreColor="ffdd822d" name="abstract"/>
    <fontcolor foreColor="white" name="separator"/>
    <fontcolor bgColor="orange" name="enum"/>
    <fontcolor foreColor="ff00a100" name="url" underline="ff4e5d93"/>
    <fontcolor foreColor="ff34c8e0" name="field"/>
    <fontcolor foreColor="green" name="char"/>
    <fontcolor foreColor="ff505050" name="comment"/>
    <fontcolor name="unused" waveUnderlined="darkGray"/>
    <fontcolor name="whitespace"/>
</fontscolors>
